date,news_num_of_articles,news_sentiment_avg,reddit_comment_sentiment,reddit_submission_num_comments,reddit_submission_num_posts,reddit_submission_sentiment,reddit_submission_ups
2020-12-31,,,0.47673333333333334,552.0,52.0,0.7207124999999999,1184.0
2021-01-01,3.0,0.48180000000000006,0.41776074380165285,461.0,37.0,0.7403384615384615,1292.0
2021-01-02,7.0,0.7397714285714286,0.4929085201793722,471.0,37.0,0.64585,922.0
2021-01-03,2.0,0.9773000000000001,0.5187123188405798,536.0,52.0,0.6395473684210525,1062.0
2021-01-04,11.0,0.9608454545454546,0.4784306569343065,1153.0,53.0,0.5666428571428571,1245.0
2021-01-05,7.0,0.9051714285714285,0.5478955844155845,876.0,67.0,0.5882761904761905,2091.0
2021-01-06,9.0,0.9087111111111109,0.4857039647577093,1060.0,100.0,0.574825,2332.0
2021-01-07,12.0,0.8124583333333333,0.4661214622641509,1107.0,110.0,0.5615340909090909,2426.0
2021-01-08,12.0,0.6356,0.45493156249999994,608.0,65.0,0.5492064516129032,1092.0
2021-01-09,12.0,0.8577833333333333,0.43308706199460917,938.0,68.0,0.7103967741935484,1668.0
2021-01-10,7.0,0.9260714285714285,0.411525348189415,630.0,72.0,0.6408826086956522,1131.0
2021-01-11,18.0,0.8828055555555554,0.46062427745664747,1013.0,71.0,0.5789173913043478,1390.0
2021-01-12,14.0,0.7929785714285714,0.44509499999999996,645.0,65.0,0.6661807692307692,1482.0
2021-01-13,9.0,0.7944888888888889,0.5544844387755102,618.0,69.0,0.7673166666666668,2136.0
2021-01-14,14.0,0.8219714285714285,0.5361251295336789,946.0,88.0,0.7035605263157896,1580.0
2021-01-15,10.0,0.7471300000000001,0.5276035714285714,945.0,95.0,0.6538121212121213,2002.0
2021-01-16,6.0,0.7066166666666667,0.5099372365339577,1108.0,111.0,0.6279255319148936,1509.0
2021-01-17,7.0,0.9303857142857144,0.48592882703777335,1094.0,109.0,0.6142666666666667,2026.0
2021-01-18,8.0,0.9682125,0.5563198992443326,1195.0,100.0,0.699184375,1971.0
2021-01-19,6.0,0.6816166666666668,0.504286231884058,751.0,82.0,0.6944857142857144,1068.0
2021-01-20,6.0,0.9442666666666667,0.5779489855072463,710.0,73.0,0.622913043478261,2332.0
2021-01-21,14.0,0.8890928571428571,0.5303710955710956,959.0,111.0,0.58314,2203.0
2021-01-22,12.0,0.9384833333333334,0.567245945945946,928.0,99.0,0.6445820512820513,2004.0
2021-01-23,10.0,0.7740400000000001,0.5158847117794486,572.0,70.0,0.5307823529411765,1282.0
2021-01-24,4.0,0.97265,0.5204755555555556,571.0,47.0,0.5945533333333334,1147.0
2021-01-25,11.0,0.7569090909090908,,936.0,81.0,0.5979103448275862,2040.0
2021-01-26,14.0,0.7187499999999999,,587.0,59.0,0.60979,1550.0
2021-01-27,6.0,0.6129833333333333,0.5101032467532468,396.0,33.0,0.65714375,910.0
2021-01-28,19.0,0.9392526315789475,0.5551367454068241,823.0,92.0,0.744290909090909,3667.0
2021-01-29,14.0,0.9489142857142857,0.5351474264705882,552.0,93.0,0.4899181818181818,2051.0
2021-01-30,0.0,0.0,0.5658252808988764,887.0,99.0,0.7769580645161291,3096.0
2021-01-31,7.0,0.9891714285714287,0.48879938775510207,1090.0,89.0,0.5013750000000001,2704.0
2021-02-01,7.0,0.5063714285714285,0.46418132530120476,3665.0,134.0,0.5177230769230768,3837.0
2021-02-02,19.0,0.9643263157894738,0.32563402674591385,1503.0,208.0,0.6784019607843136,4832.0
2021-02-03,15.0,0.9470533333333333,0.4090438305709024,1844.0,178.0,0.6565888888888888,4902.0
2021-02-04,9.0,0.9208444444444444,,1508.0,175.0,0.5615382978723404,4043.0
2021-02-05,15.0,0.9093866666666666,,1508.0,175.0,0.5615382978723404,4043.0
2021-02-06,9.0,0.8863666666666666,,,,,
2021-02-07,11.0,0.8824090909090909,,,,,
2021-02-08,17.0,0.6323941176470588,0.40614927007299273,2050.0,228.0,0.5800333333333334,6028.0
2021-02-09,16.0,0.9335687500000001,0.37234959723820477,3373.0,307.0,0.4847205128205128,5609.0
2021-02-10,14.0,0.920692857142857,0.34071655480984336,4253.0,405.0,0.5416557692307693,11035.0
2021-02-11,21.0,0.9134047619047619,0.37589311320754726,4003.0,517.0,0.61033359375,11923.0
2021-02-12,15.0,0.43741333333333327,0.360789378757515,4244.0,373.0,0.5562801886792452,9057.0
2021-02-13,13.0,0.6874615384615385,0.3777471046770603,3124.0,235.0,0.5708949999999999,7274.0
2021-02-14,9.0,0.8810222222222223,0.3308176267281106,3579.0,230.0,0.5777253164556961,7341.0
2021-02-15,9.0,0.4978,0.37356769964243147,2724.0,252.0,0.5675977272727273,3988.0
2021-02-16,19.0,0.7414526315789473,0.3988820349761527,2117.0,160.0,0.5179320754716982,2505.0
2021-02-17,12.0,0.8147666666666665,0.3993119804400978,1814.0,116.0,0.5051595238095238,3334.0
2021-02-18,13.0,0.8923307692307693,0.3542892789373815,3814.0,308.0,0.6492551020408164,6790.0
2021-02-19,20.0,0.8699,0.3714222943722944,5033.0,312.0,0.441412087912088,10340.0
2021-02-20,18.0,0.9125666666666667,0.5006600729261623,4793.0,431.0,0.5947572649572649,8048.0
2021-02-21,18.0,0.9504777777777778,0.4928751832460733,3590.0,281.0,0.6646366336633663,6150.0
2021-02-22,27.0,0.6964148148148148,0.4710305251641138,3269.0,301.0,0.5890978021978022,5862.0
2021-02-23,21.0,0.6240428571428571,0.44299172932330827,3254.0,292.0,0.607845,8633.0
2021-02-24,27.0,0.7193999999999998,0.3807226309921963,2935.0,249.0,0.5376298701298702,8220.0
2021-02-25,28.0,0.7815714285714286,0.3063513145082766,4009.0,409.0,0.5795175999999999,8067.0
2021-02-26,29.0,0.8251551724137931,0.31666522539098435,5701.0,471.0,0.5683142857142859,13089.0
2021-02-27,38.0,0.7467763157894737,0.31896868327402134,7273.0,545.0,0.5345753623188406,17128.0
2021-02-28,25.0,0.90822,,1191.0,135.0,0.6117354838709678,2361.0
2021-03-01,36.0,0.8741444444444445,,,,,
2021-03-02,23.0,0.9465391304347827,0.4722506172839506,1692.0,169.0,0.5175965517241379,4372.0
2021-03-03,23.0,0.6097913043478261,0.4534830019880715,4586.0,366.0,0.6136126865671643,9756.0
2021-03-04,25.0,0.6844800000000001,0.44725216494845366,4542.0,329.0,0.616973404255319,8491.0
2021-03-05,38.0,0.7455947368421052,0.3465236363636363,1633.0,107.0,0.512853125,2777.0
2021-03-06,18.0,0.6092111111111111,,,,,
2021-03-07,11.0,0.7152999999999999,0.38788281249999995,795.0,24.0,0.5740461538461538,1636.0
2021-03-08,29.0,0.8926448275862072,0.41854870689655177,1423.0,103.0,0.4943780487804878,2471.0
2021-03-09,25.0,0.9014280000000001,0.41099818388195225,2862.0,253.0,0.6253728571428572,5604.0
2021-03-10,24.0,0.8718291666666668,0.4254388349514564,2384.0,202.0,0.5960304347826088,4436.0
2021-03-11,22.0,0.7258272727272728,0.4318886243386243,2243.0,193.0,0.6435491803278689,5700.0
2021-03-12,27.0,0.7332851851851854,0.45783883116883123,2772.0,233.0,0.519503947368421,4804.0
2021-03-13,23.0,0.8044478260869564,0.4206756687898089,2916.0,184.0,0.5921634615384617,8649.0
2021-03-14,16.0,0.7832000000000001,0.44071744340878827,2314.0,158.0,0.6263391304347826,6838.0
2021-03-15,20.0,0.7878850000000001,0.4289102102102103,2043.0,183.0,0.6453340909090909,7842.0
2021-03-16,23.0,0.7541869565217393,0.47023199498117935,3741.0,297.0,0.6314666666666666,12185.0
2021-03-17,31.0,0.717925806451613,0.46017219730941716,2880.0,238.0,0.6432753424657535,5085.0
2021-03-18,34.0,0.851864705882353,,,,,
2021-03-19,29.0,0.8733206896551725,,,,,
2021-03-20,19.0,0.6884736842105262,,,,,
2021-03-21,17.0,0.6969588235294117,,,,,
2021-03-22,20.0,0.7639350000000001,,,,,
2021-03-23,25.0,0.581772,,,,,
2021-03-24,18.0,0.7285166666666666,,,,,
2021-03-25,23.0,0.8272782608695652,,,,,
2021-03-26,25.0,0.863116,,,,,
2021-03-27,23.0,0.7331739130434783,0.3723727272727272,646.0,40.0,0.7142722222222222,2263.0
2021-03-28,12.0,0.69805,0.38823511904761904,1523.0,131.0,0.6032171428571428,5393.0
2021-03-29,26.0,0.8930423076923076,0.4310855329949239,1448.0,154.0,0.6627589743589744,5569.0
2021-03-30,25.0,0.674028,0.4554168776371309,2215.0,147.0,0.584645238095238,4642.0
2021-03-31,22.0,0.5277909090909091,0.3996577006507592,1783.0,215.0,0.48965740740740743,9967.0
2021-04-01,15.0,0.7069533333333332,0.4705306483300589,2001.0,195.0,0.6813038461538461,4688.0
2021-04-02,21.0,0.7874619047619049,0.46257260579064585,2234.0,157.0,0.6373847826086959,5325.0
2021-04-03,19.0,0.8702368421052632,0.4280502136752136,2157.0,162.0,0.6106380952380952,3419.0
2021-04-04,12.0,0.85495,0.42185873417721526,2102.0,130.0,0.5980975609756097,4387.0
2021-04-05,22.0,0.8929409090909091,0.437307966457023,1700.0,140.0,0.5709888888888889,5469.0
2021-04-06,18.0,0.8814277777777777,0.44972482598607894,1862.0,197.0,0.5155512195121952,3875.0
2021-04-07,25.0,0.9211360000000001,0.445030361445783,1576.0,135.0,0.614007142857143,5320.0
2021-04-08,18.0,0.7224055555555556,0.4957029213483146,1895.0,166.0,0.42759069767441865,6391.0
2021-04-09,19.0,0.7645421052631581,0.47813738532110095,1568.0,144.0,0.7130926829268294,3119.0
2021-04-10,15.0,0.6001066666666666,,,,,
2021-04-11,15.0,0.7127733333333334,,,,,
2021-04-12,16.0,0.9426375,,,,,
2021-04-13,23.0,0.7056347826086957,,,,,
2021-04-14,30.0,0.9095933333333334,0.455458938547486,1534.0,133.0,0.4763948717948718,2988.0
2021-04-15,18.0,0.8702111111111112,0.45056137254901957,2266.0,161.0,0.5111775510204082,5933.0
2021-04-16,24.0,0.7335124999999999,0.3959137634408603,2550.0,200.0,0.5104537313432836,5681.0
2021-04-17,12.0,0.72045,0.4146355289421157,2066.0,168.0,0.513770731707317,3438.0
2021-04-18,18.0,0.42589444444444446,0.37504008908685965,2083.0,174.0,0.48555853658536596,6097.0
2021-04-19,25.0,0.725596,0.4683088838268793,1858.0,184.0,0.700728,3973.0
2021-04-20,17.0,0.8220058823529411,0.3525468208092485,1860.0,173.0,0.6094,3760.0
2021-04-21,28.0,0.6399714285714285,0.5010775100401607,2006.0,179.0,0.6932596153846153,5923.0
2021-04-22,29.0,0.6161586206896552,0.4701802272727273,1848.0,176.0,0.6719931818181818,5822.0
2021-04-23,28.0,0.4215428571428571,0.494711811023622,2001.0,178.0,0.7237970588235294,5374.0
2021-04-24,9.0,0.8488666666666667,0.45131279620853076,1140.0,135.0,0.6864551724137932,3943.0
2021-04-25,16.0,0.7051000000000001,0.47059541284403683,1507.0,122.0,0.4480666666666666,6291.0
2021-04-26,19.0,0.6513315789473684,0.5035695918367347,1557.0,206.0,0.630468,4801.0
2021-04-27,27.0,0.7562074074074073,0.4872285382830627,2139.0,180.0,0.6444290322580645,12975.0
2021-04-28,21.0,0.6636666666666668,0.44994285714285714,1770.0,180.0,0.6744282051282051,8373.0
2021-04-29,29.0,0.8084206896551727,0.41465987903225804,3061.0,238.0,0.6532644444444445,11196.0
2021-04-30,17.0,0.9523705882352942,0.48307906066536205,1957.0,220.0,0.5596351851851853,7763.0
2021-05-01,14.0,0.8675071428571427,0.47559439252336444,1920.0,167.0,0.6309864864864865,6378.0
2021-05-02,9.0,0.7059777777777777,0.4137798742138364,1899.0,171.0,0.759208695652174,5019.0
2021-05-03,25.0,0.7859959999999999,0.44280063694267524,2099.0,192.0,0.5741818181818182,5480.0
2021-05-04,20.0,0.9066449999999998,0.4305719376391983,1965.0,171.0,0.657021052631579,5058.0
2021-05-05,19.0,0.9282789473684211,0.4607704500978473,3238.0,189.0,0.5725039215686275,8860.0
2021-05-06,22.0,0.8974090909090908,0.46146750418760474,2733.0,237.0,0.48042666666666667,5568.0
2021-05-07,26.0,0.5418692307692308,0.4648646153846154,2683.0,251.0,0.5323448979591837,7639.0
2021-05-08,13.0,0.9824846153846155,0.4130263546798029,1825.0,202.0,0.517235,5275.0
2021-05-09,15.0,0.6358800000000001,0.4092582746478873,2888.0,214.0,0.6035058823529413,11427.0
2021-05-10,22.0,0.8269500000000001,0.45883853955375264,2326.0,263.0,0.5926921875,6923.0
2021-05-11,22.0,0.8024318181818182,0.4527194831013917,2417.0,221.0,0.4948037735849057,10929.0
2021-05-12,17.0,0.7566882352941178,0.46082604735883437,2661.0,245.0,0.6014907407407407,6843.0
2021-05-13,32.0,0.8164374999999999,0.4003850828729282,4380.0,399.0,0.5672076923076923,13446.0
2021-05-14,23.0,0.8701043478260869,0.40842173913043467,2140.0,335.0,0.5311983870967741,4676.0
2021-05-15,22.0,0.6643409090909091,0.4433190152801357,291.0,108.0,0.7255653846153846,1127.0
2021-05-16,19.0,0.618421052631579,0.4057656525707331,409.0,348.0,0.5511356643356644,730.0
2021-05-17,30.0,0.8255433333333334,0.41118809756097563,218.0,234.0,0.5434036585365853,330.0
2021-05-18,29.0,0.8573655172413792,0.41697330791229753,184.0,247.0,0.5468960784313724,248.0
2021-05-19,33.0,0.40572121212121215,0.3511383818450913,165.0,224.0,0.34549333333333326,225.0
2021-05-20,29.0,0.7534862068965518,0.43566335740072193,197.0,232.0,0.6037232323232323,247.0
2021-05-21,28.0,0.5936964285714286,0.44217098001902955,148.0,198.0,0.5971784090909091,206.0
2021-05-22,17.0,0.4944352941176471,0.4479245803357314,104.0,131.0,0.5621999999999999,134.0
2021-05-23,14.0,0.4955571428571428,0.438118326417704,122.0,152.0,0.5553126984126984,154.0
2021-05-24,26.0,0.3597192307692308,0.4791843487394958,119.0,156.0,0.5566661538461539,161.0
2021-05-25,29.0,0.7403724137931033,0.4861967871485943,103.0,154.0,0.6993058823529411,158.0
2021-05-26,29.0,0.7799379310344827,0.4676456497175141,157.0,197.0,0.5384924731182795,209.0
2021-05-27,18.0,0.7994833333333333,0.4783619973190348,152.0,186.0,0.5952526315789474,196.0
2021-05-28,27.0,0.5719703703703702,0.42716379974326063,115.0,170.0,0.6789671875,173.0
2021-05-29,15.0,0.39242000000000005,0.442743711843712,112.0,138.0,0.611548275862069,142.0
2021-05-30,25.0,0.541604,0.47250144057623056,116.0,143.0,0.6202698630136986,146.0
2021-05-31,26.0,0.6689653846153847,0.45227261744966435,117.0,166.0,0.5007904761904762,172.0
2021-06-01,33.0,0.7865848484848482,0.3944861928934011,118.0,168.0,0.609722950819672,175.0
2021-06-02,28.0,0.7315714285714287,0.39825864978902953,153.0,215.0,0.6343504587155964,219.0
2021-06-03,21.0,0.8334190476190474,0.43488015564202337,78.0,114.0,0.4971566666666666,119.0
2021-06-04,30.0,0.8104033333333334,0.5544774647887325,65.0,95.0,0.6379468749999999,103.0
2021-06-05,17.0,0.5748705882352941,,74.0,109.0,0.5895066666666666,110.0
2021-06-06,9.0,0.6949,0.31909074074074073,42.0,60.0,0.515934375,64.0
2021-06-07,24.0,0.5836,0.452821212121212,57.0,85.0,0.5328904761904761,87.0
2021-06-08,23.0,0.6185913043478262,0.4416071856287425,62.0,90.0,0.4434589743589745,94.0
2021-06-09,28.0,0.7459964285714286,0.5146293333333334,60.0,96.0,0.6787583333333334,99.0
2021-06-10,29.0,0.7482413793103448,0.49949627539503394,64.0,109.0,0.6007465116279069,130.0
2021-06-11,31.0,0.635641935483871,0.4973445585215606,69.0,87.0,0.64456875,111.0
2021-06-12,25.0,0.552892,0.45179999999999987,60.0,93.0,0.6500071428571428,93.0
2021-06-13,12.0,0.6597083333333332,0.4008608775137112,60.0,56.0,0.6618499999999999,124.0
2021-06-14,22.0,0.8033863636363637,0.4082923076923076,91.0,112.0,0.7177617647058824,363.0
2021-06-15,28.0,0.8402214285714286,0.4898750476190476,86.0,129.0,0.67757,131.0
2021-06-16,23.0,0.7423086956521739,0.516801001669449,63.0,101.0,0.7534516129032259,103.0
2021-06-17,27.0,0.7130444444444445,0.3847622126436782,46.0,75.0,0.6286655172413792,77.0
2021-06-18,27.0,0.7157370370370372,0.406647564469914,51.0,91.0,0.6356482758620688,95.0
2021-06-19,16.0,0.93308125,0.4554046632124353,48.0,72.0,0.6643578947368421,83.0
2021-06-20,16.0,0.8207875,0.43513743016759776,110.0,82.0,0.44146764705882346,183.0
2021-06-21,39.0,0.5303717948717949,0.4247563953488372,48.0,77.0,0.59365,117.0
2021-06-22,28.0,0.3664142857142858,0.4117090336134454,151.0,158.0,0.629654761904762,215.0
2021-06-23,34.0,0.7747323529411764,0.40156578313253016,89.0,118.0,0.5726153846153846,120.0
2021-06-24,24.0,0.5486041666666667,0.38075229508196723,70.0,102.0,0.5940380952380951,107.0
2021-06-25,26.0,0.7083423076923078,0.38075229508196723,77.0,110.0,0.568175,121.0
2021-06-26,28.0,0.6483,0.39828795986622073,73.0,77.0,0.5303038461538462,115.0
2021-06-27,23.0,0.9252434782608695,0.38201989664082686,47.0,70.0,0.4914999999999999,69.0
2021-06-28,33.0,0.7115060606060606,0.43207413793103444,56.0,86.0,0.7562208333333333,88.0
2021-06-29,25.0,0.8055400000000001,0.46011592356687886,188.0,104.0,0.6755950000000002,332.0
2021-06-30,27.0,0.5979740740740742,0.46591692913385824,75.0,100.0,0.4734049999999999,101.0
2021-07-01,28.0,0.8632464285714284,0.3949868794326241,52.0,74.0,0.4102120000000001,75.0
2021-07-02,38.0,0.7781315789473685,0.45926976744186054,62.0,105.0,0.5396818181818183,106.0
2021-07-03,21.0,0.8860428571428571,0.5198924092409242,66.0,71.0,0.6538624999999999,199.0
2021-07-04,15.0,0.9407733333333332,0.43532919847328233,54.0,84.0,0.37812105263157897,85.0
2021-07-05,29.0,0.8319448275862069,0.42328475000000004,76.0,106.0,0.5462509803921569,105.0
2021-07-06,36.0,0.8360777777777779,0.46989809523809534,61.0,108.0,0.4518388888888889,111.0
2021-07-07,41.0,0.7212414634146341,0.3833558064516129,50.0,83.0,0.5822799999999999,83.0
2021-07-08,28.0,0.4889428571428572,0.4575195918367348,66.0,113.0,0.7026382352941178,195.0
2021-07-09,32.0,0.824165625,0.4455534883720931,75.0,97.0,0.43410810810810807,116.0
2021-07-10,18.0,0.48925555555555544,0.4885551971326164,67.0,85.0,0.6658366666666666,115.0
2021-07-11,11.0,0.9273,0.5162261627906978,796.0,65.0,0.7011760000000001,3085.0
2021-07-12,31.0,0.8045451612903226,0.49634763513513513,1042.0,90.0,0.5100529411764706,3625.0
2021-07-13,31.0,0.7674129032258066,0.4828368539325843,1219.0,98.0,0.47805853658536585,3388.0
2021-07-14,34.0,0.6019764705882353,0.41627301136363637,1313.0,91.0,0.651578787878788,5347.0
2021-07-15,32.0,0.7622562499999999,0.45828100358422946,1444.0,103.0,0.7971555555555554,3413.0
2021-07-16,31.0,0.7545225806451613,0.41970888252149,640.0,88.0,0.6077239999999999,1660.0
2021-07-17,24.0,0.7628416666666666,0.35925538461538464,50.0,67.0,0.5265296296296296,68.0
2021-07-18,16.0,0.96881875,0.36580031152647974,45.0,59.0,0.5898615384615383,59.0
2021-07-19,29.0,0.5034137931034484,0.44560099750623444,41.0,80.0,0.6300689655172413,80.0
2021-07-20,40.0,0.584805,0.4138013201320133,43.0,75.0,0.565825925925926,75.0
2021-07-21,26.0,0.7520999999999999,0.3626695175438596,62.0,91.0,0.6975235294117647,93.0
2021-07-22,27.0,0.8048444444444445,0.5299375824175824,63.0,87.0,0.6194361111111111,96.0
2021-07-23,27.0,0.739362962962963,0.34730967741935487,42.0,71.0,0.5699913043478262,72.0
2021-07-24,17.0,0.9307705882352941,0.4818373913043479,33.0,50.0,0.510623076923077,50.0
2021-07-25,15.0,0.8244866666666667,0.44358907766990285,87.0,77.0,0.6164172413793103,107.0
2021-07-26,57.0,0.8232649122807016,0.36794427083333336,837.0,92.0,0.5662379310344826,3412.0
2021-07-27,34.0,0.8755529411764704,0.3565525974025975,970.0,73.0,0.6670206896551724,2597.0
2021-07-28,27.0,0.7884962962962964,0.469519170984456,1001.0,98.0,0.7175333333333335,3528.0
2021-07-29,24.0,0.6707708333333332,0.5017583333333333,667.0,81.0,0.5658257142857143,3162.0
2021-07-30,32.0,0.82834375,0.3178883534136546,1472.0,84.0,0.46994749999999996,4409.0
2021-07-31,21.0,0.8647047619047619,0.3265423976608187,224.0,71.0,0.6132807692307692,410.0
2021-08-01,15.0,0.8405533333333334,0.37466457242582896,924.0,74.0,0.6755411764705882,2071.0
2021-08-02,36.0,0.7505305555555556,0.4441948339483395,1258.0,70.0,0.6613344827586205,3139.0
2021-08-03,27.0,0.7526037037037037,0.44579246704331454,912.0,76.0,0.44667826086956514,5325.0
2021-08-04,35.0,0.75656,0.4757337837837838,963.0,83.0,0.6496323529411765,2098.0
2021-08-05,27.0,0.8520481481481481,0.3626412307692308,893.0,64.0,0.801,2457.0
2021-08-06,27.0,0.8524296296296296,0.3253676217765043,1097.0,112.0,0.6002000000000001,6834.0
2021-08-07,19.0,0.886263157894737,0.4207434090909091,1096.0,77.0,0.5390307692307693,5706.0
2021-08-08,15.0,0.8198733333333332,0.3253492647058823,1373.0,80.0,0.6504678571428572,5151.0
2021-08-09,37.0,0.7428945945945946,0.3329554272517321,915.0,90.0,0.6429352941176469,6592.0
2021-08-10,36.0,0.6809833333333333,0.43470406852248394,1681.0,104.0,0.7045074074074072,5207.0
2021-08-11,59.0,0.7630932203389831,0.4190125,2063.0,139.0,0.7058954545454547,6453.0
2021-08-12,25.0,0.931584,0.37841126760563376,1698.0,88.0,0.5923697674418604,2639.0
2021-08-13,47.0,0.7818042553191489,0.370377037037037,3442.0,177.0,0.5438241379310346,7760.0
2021-08-14,39.0,0.8506974358974358,0.38905104408352675,3103.0,152.0,0.5997803030303032,4193.0
2021-08-15,34.0,0.9111411764705882,0.43811871955462767,2619.0,111.0,0.534836,4296.0
2021-08-16,58.0,0.8283862068965518,0.4590917808219177,2504.0,136.0,0.46488644067796603,4454.0
2021-08-17,49.0,0.899961224489796,0.4301115569823436,1355.0,105.0,0.655188888888889,3526.0
2021-08-18,37.0,0.8948351351351349,0.3506824940047962,1683.0,119.0,0.5361739130434783,5050.0
2021-08-19,28.0,0.7076892857142859,0.410431223628692,2762.0,131.0,0.5460928571428572,5583.0
2021-08-20,28.0,0.7076892857142859,0.410431223628692,2762.0,131.0,0.5460928571428572,5583.0
